field,original_value_zh,release_value,meaning,notes
gold_label,无需改写,KEEP,Preserve the original text.,negative set
gold_label,需改写,EDIT,Apply a gender-inclusive rewrite.,positive set
difficulty,易,easy,Easy example.,
difficulty,中,medium,Medium example.,
difficulty,难,hard,Hard example.,
noise_type,无,none,Surface noise category.,
noise_type,结构化文本,structured_text,Surface noise category.,
noise_type,方言,dialect,Surface noise category.,
noise_type,缩略,abbreviation,Surface noise category.,
noise_type,emoji,emoji,Surface noise category.,
noise_type,拼音缩写,pinyin_abbreviation,Surface noise category.,
noise_type,错别字,typo,Surface noise category.,
noise_type,ASR 转写,asr_transcription,Surface noise category.,
noise_type,OCR 错行,ocr_line_break,Surface noise category.,
noise_type,空格异常,irregular_spacing,Surface noise category.,
noise_type,重复标点,repeated_punctuation,Surface noise category.,
noise_type,网络用语,internet_slang,Surface noise category.,
noise_type,全半角混用,mixed_full_half_width,Surface noise category.,
noise_type,繁体,traditional_chinese,Surface noise category.,
noise_type,缺标点,missing_punctuation,Surface noise category.,
register_category,口语与私人交流,Spoken and Private Communication,Broad register/domain category.,
register_category,新闻报道,News Reporting,Broad register/domain category.,
register_category,公文与规章,Official and Regulatory Text,Broad register/domain category.,
register_category,社交与社区,Social and Community,Broad register/domain category.,
register_category,文艺创作与评论,Literary and Cultural Writing,Broad register/domain category.,
register_category,医疗健康,Medical and Health,Broad register/domain category.,
register_category,学术与调研,Academic and Research,Broad register/domain category.,
register_category,法律与司法,Legal and Judicial,Broad register/domain category.,
register_category,工程与技术,Engineering and Technology,Broad register/domain category.,
register_category,商业与产品,Business and Product,Broad register/domain category.,
register_category,规范示例（基线）,Normative Baseline Examples,Broad register/domain category.,
register_category,其他,Other,Broad register/domain category.,
